name,stop,synonymous,nonsynonymous
BF520-M1-112-2-C11-0-17uM,4.1240777945218205e-05,0.0002534725979928527,0.000822906090293192
BF520-M1-112-2-C11-0-56uM,3.46616766427966e-05,0.0002501952734750059,0.0008597945881206109
BF520-M1-6-1-G2-0-17uM,5.855041718494054e-05,0.0002742237638787419,0.0008678886731057106
BF520-M1-6-1-G2-0-56uM,4.6998718009001165e-05,0.00025048230825571534,0.0008618206846239788
BF520-M1-PGT151-1ug,3.662190143579396e-05,0.0002674322046025626,0.0009049302619491776
BF520-M1-mock,5.888867777853459e-05,0.000265386889283898,0.0008839171666701153
BF520-wt-1-mock,6.09227434637198e-05,0.000166363478983294,0.0004213126155690612
BF520-wt-DNA,1.161110062279083e-05,6.36927766047294e-05,0.00016494493957187786
