site,JRCSF
87,-0.306109423
95,-1.001665831
97,-0.817312787
102,1.166896654
112,-0.595635265
113,-0.611532698
120,3.508135773
121,-1.234719869
123,-0.830377676
125,-5.823044113
127,-1.846573381
156,-6.896769607
160,-0.969418137
165,-2.648525446
166,-0.475705592
167,-4.400674588
168,-0.025740897
171,0.987464219
172,-0.822347497
173,-1.943821593
176,-7.738351247
177,-9.91894403
182,-0.799046248
184,-8.355084223
185,-0.98165069
186,-0.206898182
187,-0.339940309
188,0.035415584
189,-2.35178124
197,-5.5477293
198,-1.730138589
199,-3.434808395
202,-2.51292532
207,-3.574996242
210,-1.963424929
213,-0.766916933
241,0.614166111
252,-0.471752761
256,0.412900729
257,-0.015929858
262,-2.288938628
273,-2.056239169
276,0.547642307
279,-0.911133845
280,-0.317588509
282,-2.38821195
283,-0.377480032
292,-0.793771892
293,-0.437218826
295,-1.545571394
299,-1.839740661
301,-9.402138015
302,-3.228422004
303,-4.682825618
304,-1.357026779
305,-7.395078496
306,-2.5107037
307,-7.94501542
308,-1.257017659
309,-8.900211973
313,1.376035833
315,-2.859708213
318,-7.380821784
320,1.053153052
321,-4.072640533
323,-4.518172029
324,-3.542895357
325,-5.671237051
326,-6.868173488
327,-8.06120385
330,-2.51332887
332,-3.645516244
334,-1.161011133
337,-0.436865304
339,0.555815174
341,-2.99130086
343,-0.207556072
350,0.276999214
365,-0.34587613
369,-0.613597369
372,-0.000471838
373,-2.702139492
384,-2.525546304
386,-1.315148954
387,-0.916474805
338,1.322640033
392,-0.272025541
393,-1.426796125
394,0.256062595
395,-1.702980015
396,-0.5039795
411,1.398321363
412,0.187478926
414,-2.520198269
415,-4.377939275
417,0.504322417
420,-1.437107487
421,-6.230045503
422,-2.460218824
423,1.74353651
424,-3.132780378
425,0.035939157
430,-2.330733713
432,-2.27989318
435,-2.753798678
439,-2.166580386
450,-0.326745714
455,-4.757306042
456,-4.669473724
461,-0.787273794
462,-0.114138297
463,-0.60554293
466,0.400204541
468,-5.786512111
471,0.43034844
474,-0.664308667
475,-0.602803809
479,-0.114130489
480,-0.688787545
506,-1.616715411