site,JRCSF
87,0.346596291
95,0.952415211
97,-0.810897561
102,0.84352497
112,-0.523768429
113,-0.858590451
120,-0.639767549
121,0.278568418
123,0.076970463
125,-0.946507463
127,-0.888755758
156,-2.171700474
160,0.184357482
165,-1.867462752
166,0.349333853
167,-2.256565586
168,-0.009821562
171,0.984906709
172,-0.994988764
173,0.89032951
177,-1.171700474
182,-3.196240734
184,-2.147956677
185,-0.495248389
186,-0.148728998
187,1.044398829
188,1.031672828
189,-0.42690689
197,0.290012762
198,-0.006317747
199,0.188185277
202,-0.446952832
207,-0.14679897
210,-0.72358754
213,-0.62625907
241,-0.452902098
252,0.063696579
256,0.207173378
257,0.9320667
262,-0.060698233
273,0.317533825
276,-0.259065203
280,-1.285151388
283,0.858495329
292,-0.291747306
293,-0.036374981
295,-0.083591367
299,-0.00894481
301,0.861374961
302,0.352748518
303,-0.341650004
304,-0.35718687
305,-0.774830193
306,-1.059790021
307,-1.898952669
308,-1.045156084
309,-3.727909146
313,-0.692285236
315,-0.132405485
320,-0.647933769
321,0.849821786
323,-1.292813994
324,-2.376733143
325,-0.01861851
326,-1.302664703
327,-1.043718779
332,-0.763843268
337,-0.112492848
339,0.908541471
341,-0.424566751
343,0.275693091
350,0.740934797
365,-0.174057177
369,-0.669939077
372,-0.842412872
373,-0.013333907
384,-1.042462311
386,-0.067071778
387,-0.522516633
388,-0.92782722
392,-0.141024333
393,-0.46247225
394,-0.992906952
395,-0.598296407
396,-0.23836621
411,-0.038162707
412,-0.136229729
414,-1.581775317
415,-0.774085192
417,-0.690878415
420,0.682974632
421,-1.54547109
422,-0.153565392
423,-1.044616927
424,-0.974646926
425,-0.943991573
430,-0.873514468
432,0.942478011
435,-1.408984982
439,0.964964362
450,0.909469249
455,-1.117398054
461,0.057013556
462,-0.391054507
463,-2.331311214
466,-0.218973484
468,0.083561885
471,-0.160363698
474,-0.377411899
475,0.075317891
480,-1.480832314
